<?xml version="1.0" encoding="UTF-8"?>
<export version="D">
  <design>
    <source>/home/hal/KiCAD/Z80_computer/Z80_computer.sch</source>
    <date>lör 30 okt 2021 17:21:31</date>
    <tool>Eeschema 5.1.5+dfsg1-2build2</tool>
    <sheet number="1" name="/" tstamps="/">
      <title_block>
        <title>Z80 Computer</title>
        <company/>
        <rev>1.6</rev>
        <date>2021-10-16</date>
        <source>Z80_computer.sch</source>
        <comment number="1" value=""/>
        <comment number="2" value=""/>
        <comment number="3" value=""/>
        <comment number="4" value=""/>
      </title_block>
    </sheet>
    <sheet number="2" name="/Z_80_comp_CPU/" tstamps="/6071E56B/">
      <title_block>
        <title>Z80 Computer</title>
        <company/>
        <rev>1.6</rev>
        <date>2021-10-16</date>
        <source>Z_80_comp_CPU.sch</source>
        <comment number="1" value=""/>
        <comment number="2" value=""/>
        <comment number="3" value=""/>
        <comment number="4" value=""/>
      </title_block>
    </sheet>
    <sheet number="3" name="/Z80_comp_Memory/" tstamps="/6075DE11/">
      <title_block>
        <title>Z80 Computer</title>
        <company/>
        <rev>1.6</rev>
        <date>2021-10-16</date>
        <source>Z80_comp_Memory.sch</source>
        <comment number="1" value=""/>
        <comment number="2" value=""/>
        <comment number="3" value=""/>
        <comment number="4" value=""/>
      </title_block>
    </sheet>
    <sheet number="4" name="/Z80_comp_Serial/" tstamps="/60785CD8/">
      <title_block>
        <title>Z80 Computer</title>
        <company/>
        <rev>1.6</rev>
        <date>2021-10-16</date>
        <source>Z80_comp_Serial.sch</source>
        <comment number="1" value=""/>
        <comment number="2" value=""/>
        <comment number="3" value=""/>
        <comment number="4" value=""/>
      </title_block>
    </sheet>
    <sheet number="5" name="/Z80_Paralell/" tstamps="/607AD2B4/">
      <title_block>
        <title>Z80 Computer</title>
        <company/>
        <rev>1.6</rev>
        <date>2021-10-16</date>
        <source>Z80_Paralell.sch</source>
        <comment number="1" value=""/>
        <comment number="2" value=""/>
        <comment number="3" value=""/>
        <comment number="4" value=""/>
      </title_block>
    </sheet>
  </design>
  <components>
    <comp ref="C8">
      <value>100uF</value>
      <footprint>Capacitor_THT:CP_Radial_D5.0mm_P2.50mm</footprint>
      <datasheet>~</datasheet>
      <libsource lib="Device" part="CP" description="Polarized capacitor"/>
      <sheetpath names="/" tstamps="/"/>
      <tstamp>607B0D41</tstamp>
    </comp>
    <comp ref="J2">
      <value>Screw_Terminal</value>
      <footprint>TerminalBlock:TerminalBlock_Altech_AK300-2_P5.00mm</footprint>
      <datasheet>~</datasheet>
      <libsource lib="Connector" part="Screw_Terminal_01x02" description="Generic screw terminal, single row, 01x02, script generated (kicad-library-utils/schlib/autogen/connector/)"/>
      <sheetpath names="/" tstamps="/"/>
      <tstamp>6083D462</tstamp>
    </comp>
    <comp ref="J7">
      <value>DB9_Female</value>
      <footprint>Connector_Dsub:DSUB-9_Female_Vertical_P2.77x2.84mm</footprint>
      <datasheet> ~</datasheet>
      <libsource lib="Connector" part="DB9_Female" description="9-pin female D-SUB connector"/>
      <sheetpath names="/" tstamps="/"/>
      <tstamp>6086511B</tstamp>
    </comp>
    <comp ref="J8">
      <value>Conn_02x05</value>
      <footprint>Connector_IDC:IDC-Header_2x05_P2.54mm_Vertical</footprint>
      <datasheet>~</datasheet>
      <libsource lib="Connector_Generic" part="Conn_02x05_Odd_Even" description="Generic connector, double row, 02x05, odd/even pin numbering scheme (row 1 odd numbers, row 2 even numbers), script generated (kicad-library-utils/schlib/autogen/connector/)"/>
      <sheetpath names="/" tstamps="/"/>
      <tstamp>60866501</tstamp>
    </comp>
    <comp ref="J9">
      <value>DB9_Female</value>
      <footprint>Connector_Dsub:DSUB-9_Female_Vertical_P2.77x2.84mm</footprint>
      <datasheet> ~</datasheet>
      <libsource lib="Connector" part="DB9_Female" description="9-pin female D-SUB connector"/>
      <sheetpath names="/" tstamps="/"/>
      <tstamp>6089283D</tstamp>
    </comp>
    <comp ref="J10">
      <value>Conn_02x05</value>
      <footprint>Connector_IDC:IDC-Header_2x05_P2.54mm_Vertical</footprint>
      <datasheet>~</datasheet>
      <libsource lib="Connector_Generic" part="Conn_02x05_Odd_Even" description="Generic connector, double row, 02x05, odd/even pin numbering scheme (row 1 odd numbers, row 2 even numbers), script generated (kicad-library-utils/schlib/autogen/connector/)"/>
      <sheetpath names="/" tstamps="/"/>
      <tstamp>60892843</tstamp>
    </comp>
    <comp ref="C25">
      <value>100nF</value>
      <footprint>Capacitor_THT:C_Disc_D5.0mm_W2.5mm_P2.50mm</footprint>
      <datasheet>~</datasheet>
      <libsource lib="Device" part="C_Small" description="Unpolarized capacitor, small symbol"/>
      <sheetpath names="/" tstamps="/"/>
      <tstamp>60901035</tstamp>
    </comp>
    <comp ref="D2">
      <value>1N5406</value>
      <footprint>Diode_THT:D_5W_P10.16mm_Horizontal</footprint>
      <datasheet>~</datasheet>
      <libsource lib="Device" part="D" description="Diode"/>
      <sheetpath names="/" tstamps="/"/>
      <tstamp>609B8933</tstamp>
    </comp>
    <comp ref="D4">
      <value>LED</value>
      <footprint>LED_THT:LED_D1.8mm_W3.3mm_H2.4mm</footprint>
      <datasheet>~</datasheet>
      <libsource lib="Device" part="LED" description="Light emitting diode"/>
      <sheetpath names="/" tstamps="/"/>
      <tstamp>6152D773</tstamp>
    </comp>
    <comp ref="R14">
      <value>1k</value>
      <footprint>Resistor_THT:R_Axial_DIN0309_L9.0mm_D3.2mm_P5.08mm_Vertical</footprint>
      <datasheet>~</datasheet>
      <libsource lib="Device" part="R_Small" description="Resistor, small symbol"/>
      <sheetpath names="/" tstamps="/"/>
      <tstamp>6152D779</tstamp>
    </comp>
    <comp ref="U4">
      <value>LM555</value>
      <footprint>Package_DIP:DIP-8_W7.62mm</footprint>
      <datasheet>http://www.ti.com/lit/ds/symlink/lm555.pdf</datasheet>
      <libsource lib="Timer" part="LM555" description="Timer, DIP-8/SOIC-8/SSOP-8"/>
      <sheetpath names="/Z_80_comp_CPU/" tstamps="/6071E56B/"/>
      <tstamp>6073DEE1</tstamp>
    </comp>
    <comp ref="U2">
      <value>ATF22V10C</value>
      <footprint>Package_DIP:DIP-24_W7.62mm</footprint>
      <libsource lib="ATF" part="ATF22V10C" description="Programmable Logic Array, DIP-24"/>
      <sheetpath names="/Z_80_comp_CPU/" tstamps="/6071E56B/"/>
      <tstamp>60754D72</tstamp>
    </comp>
    <comp ref="R1">
      <value>1M</value>
      <footprint>Resistor_THT:R_Axial_DIN0309_L9.0mm_D3.2mm_P5.08mm_Vertical</footprint>
      <datasheet>~</datasheet>
      <libsource lib="Device" part="R_Small" description="Resistor, small symbol"/>
      <sheetpath names="/Z_80_comp_CPU/" tstamps="/6071E56B/"/>
      <tstamp>6074C180</tstamp>
    </comp>
    <comp ref="R2">
      <value>47k</value>
      <footprint>Resistor_THT:R_Axial_DIN0309_L9.0mm_D3.2mm_P5.08mm_Vertical</footprint>
      <datasheet>~</datasheet>
      <libsource lib="Device" part="R_Small" description="Resistor, small symbol"/>
      <sheetpath names="/Z_80_comp_CPU/" tstamps="/6071E56B/"/>
      <tstamp>60750E8E</tstamp>
    </comp>
    <comp ref="Q1">
      <value>BC182</value>
      <footprint>Package_TO_SOT_THT:TO-92_Inline</footprint>
      <datasheet>https://www.mouser.se/datasheet/2/308/BC182-D-1802206.pdf</datasheet>
      <libsource lib="Transistor_BJT" part="BC237" description="100mA Ic, 50V Vce, Epitaxial Silicon NPN Transistor, TO-92"/>
      <sheetpath names="/Z_80_comp_CPU/" tstamps="/6071E56B/"/>
      <tstamp>607A2BA9</tstamp>
    </comp>
    <comp ref="R3">
      <value>10k</value>
      <footprint>Resistor_THT:R_Axial_DIN0309_L9.0mm_D3.2mm_P5.08mm_Vertical</footprint>
      <datasheet>~</datasheet>
      <libsource lib="Device" part="R_Small" description="Resistor, small symbol"/>
      <sheetpath names="/Z_80_comp_CPU/" tstamps="/6071E56B/"/>
      <tstamp>607AF251</tstamp>
    </comp>
    <comp ref="R4">
      <value>1k</value>
      <footprint>Resistor_THT:R_Axial_DIN0309_L9.0mm_D3.2mm_P5.08mm_Vertical</footprint>
      <datasheet>~</datasheet>
      <libsource lib="Device" part="R_Small" description="Resistor, small symbol"/>
      <sheetpath names="/Z_80_comp_CPU/" tstamps="/6071E56B/"/>
      <tstamp>607BAA0F</tstamp>
    </comp>
    <comp ref="U1">
      <value>Z80CPU</value>
      <footprint>Package_DIP:DIP-40_W15.24mm</footprint>
      <datasheet>www.zilog.com/manage_directlink.php?filepath=docs/z80/um0080</datasheet>
      <libsource lib="CPU" part="Z80CPU" description="8-bit General Purpose Microprocessor, DIP-40"/>
      <sheetpath names="/Z_80_comp_CPU/" tstamps="/6071E56B/"/>
      <tstamp>6072CAED</tstamp>
    </comp>
    <comp ref="C1">
      <value>100nF</value>
      <footprint>Capacitor_THT:C_Disc_D5.0mm_W2.5mm_P2.50mm</footprint>
      <datasheet>~</datasheet>
      <libsource lib="Device" part="C_Small" description="Unpolarized capacitor, small symbol"/>
      <sheetpath names="/Z_80_comp_CPU/" tstamps="/6071E56B/"/>
      <tstamp>607C6AB7</tstamp>
    </comp>
    <comp ref="C2">
      <value>10nF</value>
      <footprint>Capacitor_THT:C_Disc_D5.0mm_W2.5mm_P5.00mm</footprint>
      <datasheet>~</datasheet>
      <libsource lib="Device" part="C_Small" description="Unpolarized capacitor, small symbol"/>
      <sheetpath names="/Z_80_comp_CPU/" tstamps="/6071E56B/"/>
      <tstamp>607EACF4</tstamp>
    </comp>
    <comp ref="C3">
      <value>10uF</value>
      <footprint>Capacitor_THT:C_Radial_D6.3mm_H7.0mm_P2.50mm</footprint>
      <datasheet>~</datasheet>
      <libsource lib="Device" part="CP_Small" description="Polarized capacitor, small symbol"/>
      <sheetpath names="/Z_80_comp_CPU/" tstamps="/6071E56B/"/>
      <tstamp>607F1E65</tstamp>
    </comp>
    <comp ref="J1">
      <value>Reset</value>
      <footprint>Connector_PinHeader_1.00mm:PinHeader_1x02_P1.00mm_Vertical</footprint>
      <datasheet>~</datasheet>
      <libsource lib="Connector" part="Conn_01x02_Male" description="Generic connector, single row, 01x02, script generated (kicad-library-utils/schlib/autogen/connector/)"/>
      <sheetpath names="/Z_80_comp_CPU/" tstamps="/6071E56B/"/>
      <tstamp>607FA1A1</tstamp>
    </comp>
    <comp ref="C4">
      <value>100nF</value>
      <footprint>Capacitor_THT:C_Disc_D5.0mm_W2.5mm_P2.50mm</footprint>
      <datasheet>~</datasheet>
      <libsource lib="Device" part="C_Small" description="Unpolarized capacitor, small symbol"/>
      <sheetpath names="/Z_80_comp_CPU/" tstamps="/6071E56B/"/>
      <tstamp>607717CB</tstamp>
    </comp>
    <comp ref="C6">
      <value>100nF</value>
      <footprint>Capacitor_THT:C_Disc_D5.0mm_W2.5mm_P2.50mm</footprint>
      <datasheet>~</datasheet>
      <libsource lib="Device" part="C_Small" description="Unpolarized capacitor, small symbol"/>
      <sheetpath names="/Z_80_comp_CPU/" tstamps="/6071E56B/"/>
      <tstamp>6077D438</tstamp>
    </comp>
    <comp ref="C7">
      <value>100nF</value>
      <footprint>Capacitor_THT:C_Disc_D5.0mm_W2.5mm_P2.50mm</footprint>
      <datasheet>~</datasheet>
      <libsource lib="Device" part="C_Small" description="Unpolarized capacitor, small symbol"/>
      <sheetpath names="/Z_80_comp_CPU/" tstamps="/6071E56B/"/>
      <tstamp>60787E11</tstamp>
    </comp>
    <comp ref="C5">
      <value>100nF</value>
      <footprint>Capacitor_THT:C_Disc_D5.0mm_W2.5mm_P2.50mm</footprint>
      <datasheet>~</datasheet>
      <libsource lib="Device" part="C_Small" description="Unpolarized capacitor, small symbol"/>
      <sheetpath names="/Z_80_comp_CPU/" tstamps="/6071E56B/"/>
      <tstamp>607935D5</tstamp>
    </comp>
    <comp ref="R5">
      <value>330</value>
      <footprint>Resistor_THT:R_Axial_DIN0309_L9.0mm_D3.2mm_P5.08mm_Vertical</footprint>
      <datasheet>~</datasheet>
      <libsource lib="Device" part="R_Small" description="Resistor, small symbol"/>
      <sheetpath names="/Z_80_comp_CPU/" tstamps="/6071E56B/"/>
      <tstamp>607C2E50</tstamp>
    </comp>
    <comp ref="D1">
      <value>LED</value>
      <footprint>LED_THT:LED_D1.8mm_W3.3mm_H2.4mm</footprint>
      <datasheet>~</datasheet>
      <libsource lib="Device" part="LED" description="Light emitting diode"/>
      <sheetpath names="/Z_80_comp_CPU/" tstamps="/6071E56B/"/>
      <tstamp>608C8FFD</tstamp>
    </comp>
    <comp ref="R6">
      <value>1k</value>
      <footprint>Resistor_THT:R_Axial_DIN0309_L9.0mm_D3.2mm_P5.08mm_Vertical</footprint>
      <datasheet>~</datasheet>
      <libsource lib="Device" part="R_Small" description="Resistor, small symbol"/>
      <sheetpath names="/Z_80_comp_CPU/" tstamps="/6071E56B/"/>
      <tstamp>608EB520</tstamp>
    </comp>
    <comp ref="R9">
      <value>10k</value>
      <footprint>Resistor_THT:R_Axial_DIN0309_L9.0mm_D3.2mm_P5.08mm_Vertical</footprint>
      <datasheet>~</datasheet>
      <libsource lib="Device" part="R_Small" description="Resistor, small symbol"/>
      <sheetpath names="/Z_80_comp_CPU/" tstamps="/6071E56B/"/>
      <tstamp>6084A72E</tstamp>
    </comp>
    <comp ref="R7">
      <value>10k</value>
      <footprint>Resistor_THT:R_Axial_DIN0309_L9.0mm_D3.2mm_P5.08mm_Vertical</footprint>
      <datasheet>~</datasheet>
      <libsource lib="Device" part="R_Small" description="Resistor, small symbol"/>
      <sheetpath names="/Z_80_comp_CPU/" tstamps="/6071E56B/"/>
      <tstamp>6086D6E9</tstamp>
    </comp>
    <comp ref="R8">
      <value>10k</value>
      <footprint>Resistor_THT:R_Axial_DIN0309_L9.0mm_D3.2mm_P5.08mm_Vertical</footprint>
      <datasheet>~</datasheet>
      <libsource lib="Device" part="R_Small" description="Resistor, small symbol"/>
      <sheetpath names="/Z_80_comp_CPU/" tstamps="/6071E56B/"/>
      <tstamp>60873CD3</tstamp>
    </comp>
    <comp ref="R11">
      <value>10k</value>
      <footprint>Resistor_THT:R_Axial_DIN0309_L9.0mm_D3.2mm_P5.08mm_Vertical</footprint>
      <datasheet>~</datasheet>
      <libsource lib="Device" part="R_Small" description="Resistor, small symbol"/>
      <sheetpath names="/Z_80_comp_CPU/" tstamps="/6071E56B/"/>
      <tstamp>609F2AAB</tstamp>
    </comp>
    <comp ref="X1">
      <value>SG-531</value>
      <footprint>Package_DIP:DIP-8_W7.62mm</footprint>
      <datasheet>https://support.epson.biz/td/api/doc_check.php?mode=dl&amp;lang=en&amp;Parts=SG-51P</datasheet>
      <libsource lib="Oscillator" part="SG-531" description="CMOS Crystal Clock Oscillator, DIP8-style plastic package"/>
      <sheetpath names="/Z_80_comp_CPU/" tstamps="/6071E56B/"/>
      <tstamp>60A0E8E3</tstamp>
    </comp>
    <comp ref="R12">
      <value>10k</value>
      <footprint>Resistor_THT:R_Axial_DIN0309_L9.0mm_D3.2mm_P5.08mm_Vertical</footprint>
      <datasheet>~</datasheet>
      <libsource lib="Device" part="R_Small" description="Resistor, small symbol"/>
      <sheetpath names="/Z_80_comp_CPU/" tstamps="/6071E56B/"/>
      <tstamp>60AF0533</tstamp>
    </comp>
    <comp ref="R13">
      <value>1k</value>
      <footprint>Resistor_THT:R_Axial_DIN0309_L9.0mm_D3.2mm_P5.08mm_Vertical</footprint>
      <datasheet>~</datasheet>
      <libsource lib="Device" part="R_Small" description="Resistor, small symbol"/>
      <sheetpath names="/Z_80_comp_CPU/" tstamps="/6071E56B/"/>
      <tstamp>61510DD3</tstamp>
    </comp>
    <comp ref="D3">
      <value>LED</value>
      <footprint>LED_THT:LED_D1.8mm_W3.3mm_H2.4mm</footprint>
      <datasheet>~</datasheet>
      <libsource lib="Device" part="LED" description="Light emitting diode"/>
      <sheetpath names="/Z_80_comp_CPU/" tstamps="/6071E56B/"/>
      <tstamp>615112F4</tstamp>
    </comp>
    <comp ref="JP1">
      <value>Jumper</value>
      <footprint>Connector_PinHeader_2.54mm:PinHeader_1x02_P2.54mm_Vertical</footprint>
      <datasheet>~</datasheet>
      <libsource lib="Device" part="Jumper" description="Jumper, normally closed"/>
      <sheetpath names="/Z_80_comp_CPU/" tstamps="/6071E56B/"/>
      <tstamp>6170232A</tstamp>
    </comp>
    <comp ref="U7">
      <value>BS62LV256</value>
      <footprint>Package_DIP:DIP-28_W15.24mm</footprint>
      <datasheet>https://www.futurlec.com/Datasheet/Memory/62256.pdf</datasheet>
      <libsource lib="Memory_SRAM" part="BS62LV256" description="32Kx8 bit Low Power CMOS Static RAM, 55/70ns, DIP-28"/>
      <sheetpath names="/Z80_comp_Memory/" tstamps="/6075DE11/"/>
      <tstamp>60764F53</tstamp>
    </comp>
    <comp ref="U6">
      <value>BS62LV256</value>
      <footprint>Package_DIP:DIP-28_W15.24mm</footprint>
      <datasheet>https://www.futurlec.com/Datasheet/Memory/62256.pdf</datasheet>
      <libsource lib="Memory_SRAM" part="BS62LV256" description="32Kx8 bit Low Power CMOS Static RAM, 55/70ns, DIP-28"/>
      <sheetpath names="/Z80_comp_Memory/" tstamps="/6075DE11/"/>
      <tstamp>60764F59</tstamp>
    </comp>
    <comp ref="U5">
      <value>M27C256</value>
      <footprint>Package_DIP:DIP-28_W15.24mm</footprint>
      <datasheet>http://ww1.microchip.com/downloads/en/DeviceDoc/doc0014.pdf</datasheet>
      <libsource lib="Memory_EPROM" part="27C256" description="OTP EPROM 256 KiBit"/>
      <sheetpath names="/Z80_comp_Memory/" tstamps="/6075DE11/"/>
      <tstamp>6076864C</tstamp>
    </comp>
    <comp ref="C21">
      <value>100nF</value>
      <footprint>Capacitor_THT:C_Disc_D5.0mm_W2.5mm_P2.50mm</footprint>
      <datasheet>~</datasheet>
      <libsource lib="Device" part="C_Small" description="Unpolarized capacitor, small symbol"/>
      <sheetpath names="/Z80_comp_Memory/" tstamps="/6075DE11/"/>
      <tstamp>608E9157</tstamp>
    </comp>
    <comp ref="C22">
      <value>100nF</value>
      <footprint>Capacitor_THT:C_Disc_D5.0mm_W2.5mm_P2.50mm</footprint>
      <datasheet>~</datasheet>
      <libsource lib="Device" part="C_Small" description="Unpolarized capacitor, small symbol"/>
      <sheetpath names="/Z80_comp_Memory/" tstamps="/6075DE11/"/>
      <tstamp>608ED73F</tstamp>
    </comp>
    <comp ref="C23">
      <value>100nF</value>
      <footprint>Capacitor_THT:C_Disc_D5.0mm_W2.5mm_P2.50mm</footprint>
      <datasheet>~</datasheet>
      <libsource lib="Device" part="C_Small" description="Unpolarized capacitor, small symbol"/>
      <sheetpath names="/Z80_comp_Memory/" tstamps="/6075DE11/"/>
      <tstamp>608F197E</tstamp>
    </comp>
    <comp ref="U8">
      <value>MAX232</value>
      <footprint>Package_DIP:DIP-16_W7.62mm</footprint>
      <datasheet>http://www.ti.com/lit/ds/symlink/max232.pdf</datasheet>
      <libsource lib="Interface_UART" part="MAX232" description="Dual RS232 driver/receiver, 5V supply, 120kb/s, 0C-70C"/>
      <sheetpath names="/Z80_comp_Serial/" tstamps="/60785CD8/"/>
      <tstamp>6079774A</tstamp>
    </comp>
    <comp ref="U9">
      <value>MAX232</value>
      <footprint>Package_DIP:DIP-16_W7.62mm</footprint>
      <datasheet>http://www.ti.com/lit/ds/symlink/max232.pdf</datasheet>
      <libsource lib="Interface_UART" part="MAX232" description="Dual RS232 driver/receiver, 5V supply, 120kb/s, 0C-70C"/>
      <sheetpath names="/Z80_comp_Serial/" tstamps="/60785CD8/"/>
      <tstamp>60797750</tstamp>
    </comp>
    <comp ref="U11">
      <value>SIO/0</value>
      <footprint>Package_DIP:DIP-40_W15.24mm_LongPads</footprint>
      <datasheet>http://www.zilog.com/docs/z80/ps0183.pdf</datasheet>
      <fields>
        <field name="Allied Price/Stock">https://www.alliedelec.com/zilog-z84c4206peg/R1000052/</field>
        <field name="Allied_Number">R1000052</field>
        <field name="Description">Z80 CMOS SIO/0 Z84C40 Zilog</field>
        <field name="Height">4.06</field>
        <field name="Manufacturer_Name">Zilog</field>
        <field name="Manufacturer_Part_Number">Z84C4206PEG</field>
        <field name="Mouser Part Number">692-Z84C4206PEG</field>
        <field name="Mouser Price/Stock">https://www.mouser.com/Search/Refine.aspx?Keyword=692-Z84C4206PEG</field>
        <field name="RS Part Number">6600766</field>
        <field name="RS Price/Stock">https://uk.rs-online.com/web/p/products/6600766</field>
      </fields>
      <libsource lib="Zilog_Z80_Peripherals" part="SIO0-DIP-40" description="Z80 CMOS SIO/0 Z84C40 Zilog"/>
      <sheetpath names="/Z80_comp_Serial/" tstamps="/60785CD8/"/>
      <tstamp>607A0E93</tstamp>
    </comp>
    <comp ref="U10">
      <value>Z80-CTC</value>
      <footprint>Package_DIP:DIP-28_W15.24mm_LongPads</footprint>
      <datasheet>http://www.zilog.com/docs/z80/ps0181.pdf</datasheet>
      <fields>
        <field name="Description">Z8430 Zilog CTC</field>
        <field name="Height">5.21</field>
        <field name="Manufacturer_Name">Zilog</field>
        <field name="Manufacturer_Part_Number">Z84C3010PEG</field>
        <field name="Mouser Part Number">692-Z84C3010PEG</field>
        <field name="Mouser Price/Stock">https://www.mouser.com/Search/Refine.aspx?Keyword=692-Z84C3010PEG</field>
      </fields>
      <libsource lib="Zilog_Z80_Peripherals" part="CTC-DIP-28" description="Z8430 Zilog CTC"/>
      <sheetpath names="/Z80_comp_Serial/" tstamps="/60785CD8/"/>
      <tstamp>607A6EFB</tstamp>
    </comp>
    <comp ref="C15">
      <value>1uF</value>
      <footprint>Capacitor_THT:CP_Radial_D5.0mm_P2.00mm</footprint>
      <datasheet>~</datasheet>
      <libsource lib="Device" part="CP_Small" description="Polarized capacitor, small symbol"/>
      <sheetpath names="/Z80_comp_Serial/" tstamps="/60785CD8/"/>
      <tstamp>60995E3F</tstamp>
    </comp>
    <comp ref="C10">
      <value>1uF</value>
      <footprint>Capacitor_THT:CP_Radial_D5.0mm_P2.00mm</footprint>
      <datasheet>~</datasheet>
      <libsource lib="Device" part="CP_Small" description="Polarized capacitor, small symbol"/>
      <sheetpath names="/Z80_comp_Serial/" tstamps="/60785CD8/"/>
      <tstamp>6099AE94</tstamp>
    </comp>
    <comp ref="C12">
      <value>1uF</value>
      <footprint>Capacitor_THT:CP_Radial_D5.0mm_P2.00mm</footprint>
      <datasheet>~</datasheet>
      <libsource lib="Device" part="CP_Small" description="Polarized capacitor, small symbol"/>
      <sheetpath names="/Z80_comp_Serial/" tstamps="/60785CD8/"/>
      <tstamp>6099D6B7</tstamp>
    </comp>
    <comp ref="C18">
      <value>1uF</value>
      <footprint>Capacitor_THT:CP_Radial_D5.0mm_P2.00mm</footprint>
      <datasheet>~</datasheet>
      <libsource lib="Device" part="CP_Small" description="Polarized capacitor, small symbol"/>
      <sheetpath names="/Z80_comp_Serial/" tstamps="/60785CD8/"/>
      <tstamp>6099FDFB</tstamp>
    </comp>
    <comp ref="C14">
      <value>1uF</value>
      <footprint>Capacitor_THT:CP_Radial_D5.0mm_P2.00mm</footprint>
      <datasheet>~</datasheet>
      <libsource lib="Device" part="CP_Small" description="Polarized capacitor, small symbol"/>
      <sheetpath names="/Z80_comp_Serial/" tstamps="/60785CD8/"/>
      <tstamp>609A2513</tstamp>
    </comp>
    <comp ref="C9">
      <value>1uF</value>
      <footprint>Capacitor_THT:CP_Radial_D5.0mm_P2.00mm</footprint>
      <datasheet>~</datasheet>
      <libsource lib="Device" part="CP_Small" description="Polarized capacitor, small symbol"/>
      <sheetpath names="/Z80_comp_Serial/" tstamps="/60785CD8/"/>
      <tstamp>60A28B77</tstamp>
    </comp>
    <comp ref="C11">
      <value>1uF</value>
      <footprint>Capacitor_THT:CP_Radial_D5.0mm_P2.00mm</footprint>
      <datasheet>~</datasheet>
      <libsource lib="Device" part="CP_Small" description="Polarized capacitor, small symbol"/>
      <sheetpath names="/Z80_comp_Serial/" tstamps="/60785CD8/"/>
      <tstamp>60A34B6F</tstamp>
    </comp>
    <comp ref="C16">
      <value>1uF</value>
      <footprint>Capacitor_THT:CP_Radial_D5.0mm_P2.00mm</footprint>
      <datasheet>~</datasheet>
      <libsource lib="Device" part="CP_Small" description="Polarized capacitor, small symbol"/>
      <sheetpath names="/Z80_comp_Serial/" tstamps="/60785CD8/"/>
      <tstamp>60A37FE7</tstamp>
    </comp>
    <comp ref="C17">
      <value>1uF</value>
      <footprint>Capacitor_THT:CP_Radial_D5.0mm_P2.00mm</footprint>
      <datasheet>~</datasheet>
      <libsource lib="Device" part="CP_Small" description="Polarized capacitor, small symbol"/>
      <sheetpath names="/Z80_comp_Serial/" tstamps="/60785CD8/"/>
      <tstamp>60A3B4EB</tstamp>
    </comp>
    <comp ref="C13">
      <value>1uF</value>
      <footprint>Capacitor_THT:CP_Radial_D5.0mm_P2.00mm</footprint>
      <datasheet>~</datasheet>
      <libsource lib="Device" part="CP_Small" description="Polarized capacitor, small symbol"/>
      <sheetpath names="/Z80_comp_Serial/" tstamps="/60785CD8/"/>
      <tstamp>60A4045F</tstamp>
    </comp>
    <comp ref="J4">
      <value>Conn_to_9_pin_Dsub</value>
      <footprint>Connector_IDC:IDC-Header_2x05_P2.54mm_Vertical</footprint>
      <datasheet>~</datasheet>
      <libsource lib="Connector_Generic" part="Conn_02x05_Odd_Even" description="Generic connector, double row, 02x05, odd/even pin numbering scheme (row 1 odd numbers, row 2 even numbers), script generated (kicad-library-utils/schlib/autogen/connector/)"/>
      <sheetpath names="/Z80_comp_Serial/" tstamps="/60785CD8/"/>
      <tstamp>607DA187</tstamp>
    </comp>
    <comp ref="J3">
      <value>Conn_to_9_pin_Dsub</value>
      <footprint>Connector_IDC:IDC-Header_2x05_P2.54mm_Vertical</footprint>
      <datasheet>~</datasheet>
      <libsource lib="Connector_Generic" part="Conn_02x05_Odd_Even" description="Generic connector, double row, 02x05, odd/even pin numbering scheme (row 1 odd numbers, row 2 even numbers), script generated (kicad-library-utils/schlib/autogen/connector/)"/>
      <sheetpath names="/Z80_comp_Serial/" tstamps="/60785CD8/"/>
      <tstamp>60885C56</tstamp>
    </comp>
    <comp ref="R10">
      <value>10k</value>
      <footprint>Resistor_THT:R_Axial_DIN0309_L9.0mm_D3.2mm_P5.08mm_Vertical</footprint>
      <datasheet>~</datasheet>
      <libsource lib="Device" part="R_Small" description="Resistor, small symbol"/>
      <sheetpath names="/Z80_comp_Serial/" tstamps="/60785CD8/"/>
      <tstamp>608AE250</tstamp>
    </comp>
    <comp ref="C20">
      <value>100nF</value>
      <footprint>Capacitor_THT:C_Disc_D5.0mm_W2.5mm_P2.50mm</footprint>
      <datasheet>~</datasheet>
      <libsource lib="Device" part="C_Small" description="Unpolarized capacitor, small symbol"/>
      <sheetpath names="/Z80_comp_Serial/" tstamps="/60785CD8/"/>
      <tstamp>60879856</tstamp>
    </comp>
    <comp ref="C19">
      <value>100nF</value>
      <footprint>Capacitor_THT:C_Disc_D5.0mm_W2.5mm_P2.50mm</footprint>
      <datasheet>~</datasheet>
      <libsource lib="Device" part="C_Small" description="Unpolarized capacitor, small symbol"/>
      <sheetpath names="/Z80_comp_Serial/" tstamps="/60785CD8/"/>
      <tstamp>608AC41F</tstamp>
    </comp>
    <comp ref="U3">
      <value>Z80-PIO</value>
      <footprint>Package_DIP:DIP-40_W15.24mm</footprint>
      <datasheet>https://www.zilog.com/appnotes_download.php?FromPage=DirectLink&amp;dn=PS0180&amp;ft=Product%20Specification%20(Data%20Sheet)%20%20&amp;f=YUhSMGNEb3ZMM2QzZHk1NmFXeHZaeTVqYjIwdlpHOWpjeTk2T0RBdmNITXdNVGd3TG5Ca1pnPT0=</datasheet>
      <libsource lib="Interface" part="Z84C20" description="Parallel I/O, CMOS, DIP-40"/>
      <sheetpath names="/Z80_Paralell/" tstamps="/607AD2B4/"/>
      <tstamp>607B324D</tstamp>
    </comp>
    <comp ref="J6">
      <value>Conn_PIO</value>
      <footprint>Connector_IDC:IDC-Header_2x07_P2.54mm_Vertical</footprint>
      <datasheet>~</datasheet>
      <libsource lib="Connector_Generic" part="Conn_02x07_Odd_Even" description="Generic connector, double row, 02x07, odd/even pin numbering scheme (row 1 odd numbers, row 2 even numbers), script generated (kicad-library-utils/schlib/autogen/connector/)"/>
      <sheetpath names="/Z80_Paralell/" tstamps="/607AD2B4/"/>
      <tstamp>609197AE</tstamp>
    </comp>
    <comp ref="J5">
      <value>Conn_PIO</value>
      <footprint>Connector_IDC:IDC-Header_2x07_P2.54mm_Vertical</footprint>
      <datasheet>~</datasheet>
      <libsource lib="Connector_Generic" part="Conn_02x07_Odd_Even" description="Generic connector, double row, 02x07, odd/even pin numbering scheme (row 1 odd numbers, row 2 even numbers), script generated (kicad-library-utils/schlib/autogen/connector/)"/>
      <sheetpath names="/Z80_Paralell/" tstamps="/607AD2B4/"/>
      <tstamp>6084D767</tstamp>
    </comp>
    <comp ref="C24">
      <value>100nF</value>
      <footprint>Capacitor_THT:C_Disc_D5.0mm_W2.5mm_P2.50mm</footprint>
      <datasheet>~</datasheet>
      <libsource lib="Device" part="C_Small" description="Unpolarized capacitor, small symbol"/>
      <sheetpath names="/Z80_Paralell/" tstamps="/607AD2B4/"/>
      <tstamp>608E5C53</tstamp>
    </comp>
    <comp ref="J11">
      <value>Conn_01x06_Female</value>
      <footprint>Connector_PinSocket_2.54mm:PinSocket_1x06_P2.54mm_Vertical</footprint>
      <datasheet>~</datasheet>
      <libsource lib="Connector" part="Conn_01x06_Female" description="Generic connector, single row, 01x06, script generated (kicad-library-utils/schlib/autogen/connector/)"/>
      <sheetpath names="/Z80_Paralell/" tstamps="/607AD2B4/"/>
      <tstamp>6150E289</tstamp>
    </comp>
    <comp ref="C26">
      <value>100nF</value>
      <footprint>Capacitor_THT:C_Disc_D5.0mm_W2.5mm_P2.50mm</footprint>
      <datasheet>~</datasheet>
      <libsource lib="Device" part="C_Small" description="Unpolarized capacitor, small symbol"/>
      <sheetpath names="/Z80_Paralell/" tstamps="/607AD2B4/"/>
      <tstamp>6158CC1F</tstamp>
    </comp>
    <comp ref="R15">
      <value>10k</value>
      <footprint>Resistor_THT:R_Axial_DIN0309_L9.0mm_D3.2mm_P5.08mm_Vertical</footprint>
      <datasheet>~</datasheet>
      <libsource lib="Device" part="R_Small" description="Resistor, small symbol"/>
      <sheetpath names="/Z80_Paralell/" tstamps="/607AD2B4/"/>
      <tstamp>617D19D2</tstamp>
    </comp>
  </components>
  <libparts>
    <libpart lib="ATF" part="ATF22V10C">
      <description>Programmable Logic Array, DIP-24</description>
      <docs>https://ww1.microchip.com/downloads/en/DeviceDoc/doc0735.pdf</docs>
      <footprints>
        <fp>DIP*</fp>
        <fp>PDIP*</fp>
        <fp>SOIC*</fp>
        <fp>SO*</fp>
        <fp>PLCC*</fp>
      </footprints>
      <fields>
        <field name="Reference">U</field>
        <field name="Value">ATF22V10C</field>
      </fields>
      <pins>
        <pin num="1" name="I1/CLK" type="input"/>
        <pin num="2" name="I2" type="input"/>
        <pin num="3" name="I3" type="input"/>
        <pin num="4" name="I4/PD" type="input"/>
        <pin num="5" name="I5" type="input"/>
        <pin num="6" name="I6" type="input"/>
        <pin num="7" name="I7" type="input"/>
        <pin num="8" name="I8" type="input"/>
        <pin num="9" name="I9" type="input"/>
        <pin num="10" name="I10" type="input"/>
        <pin num="11" name="I11" type="input"/>
        <pin num="12" name="GND" type="power_in"/>
        <pin num="13" name="I12" type="input"/>
        <pin num="14" name="IO10" type="3state"/>
        <pin num="15" name="IO9" type="3state"/>
        <pin num="16" name="IO8" type="3state"/>
        <pin num="17" name="I07" type="3state"/>
        <pin num="18" name="IO6" type="3state"/>
        <pin num="19" name="IO5" type="3state"/>
        <pin num="20" name="IO4" type="3state"/>
        <pin num="21" name="I03" type="3state"/>
        <pin num="22" name="IO2" type="3state"/>
        <pin num="23" name="IO1" type="3state"/>
        <pin num="24" name="VCC" type="power_in"/>
      </pins>
    </libpart>
    <libpart lib="CPU" part="Z80CPU">
      <description>8-bit General Purpose Microprocessor, DIP-40</description>
      <docs>www.zilog.com/manage_directlink.php?filepath=docs/z80/um0080</docs>
      <footprints>
        <fp>DIP*</fp>
        <fp>PDIP*</fp>
      </footprints>
      <fields>
        <field name="Reference">U</field>
        <field name="Value">Z80CPU</field>
      </fields>
      <pins>
        <pin num="1" name="A11" type="output"/>
        <pin num="2" name="A12" type="output"/>
        <pin num="3" name="A13" type="output"/>
        <pin num="4" name="A14" type="output"/>
        <pin num="5" name="A15" type="output"/>
        <pin num="6" name="~CLK~" type="input"/>
        <pin num="7" name="D4" type="BiDi"/>
        <pin num="8" name="D3" type="BiDi"/>
        <pin num="9" name="D5" type="BiDi"/>
        <pin num="10" name="D6" type="BiDi"/>
        <pin num="11" name="VCC" type="power_in"/>
        <pin num="12" name="D2" type="BiDi"/>
        <pin num="13" name="D7" type="BiDi"/>
        <pin num="14" name="D0" type="BiDi"/>
        <pin num="15" name="D1" type="BiDi"/>
        <pin num="16" name="~INT~" type="input"/>
        <pin num="17" name="~NMI~" type="input"/>
        <pin num="18" name="~HALT~" type="output"/>
        <pin num="19" name="~MREQ~" type="output"/>
        <pin num="20" name="~IORQ~" type="output"/>
        <pin num="21" name="~RD~" type="output"/>
        <pin num="22" name="~WR~" type="output"/>
        <pin num="23" name="~BUSACK~" type="output"/>
        <pin num="24" name="~WAIT~" type="input"/>
        <pin num="25" name="~BUSRQ~" type="input"/>
        <pin num="26" name="~RESET~" type="input"/>
        <pin num="27" name="~M1~" type="output"/>
        <pin num="28" name="~RFSH~" type="output"/>
        <pin num="29" name="GND" type="power_in"/>
        <pin num="30" name="A0" type="output"/>
        <pin num="31" name="A1" type="output"/>
        <pin num="32" name="A2" type="output"/>
        <pin num="33" name="A3" type="output"/>
        <pin num="34" name="A4" type="output"/>
        <pin num="35" name="A5" type="output"/>
        <pin num="36" name="A6" type="output"/>
        <pin num="37" name="A7" type="output"/>
        <pin num="38" name="A8" type="output"/>
        <pin num="39" name="A9" type="output"/>
        <pin num="40" name="A10" type="output"/>
      </pins>
    </libpart>
    <libpart lib="Connector" part="Conn_01x02_Male">
      <description>Generic connector, single row, 01x02, script generated (kicad-library-utils/schlib/autogen/connector/)</description>
      <docs>~</docs>
      <footprints>
        <fp>Connector*:*_1x??_*</fp>
      </footprints>
      <fields>
        <field name="Reference">J</field>
        <field name="Value">Conn_01x02_Male</field>
      </fields>
      <pins>
        <pin num="1" name="Pin_1" type="passive"/>
        <pin num="2" name="Pin_2" type="passive"/>
      </pins>
    </libpart>
    <libpart lib="Connector" part="Conn_01x06_Female">
      <description>Generic connector, single row, 01x06, script generated (kicad-library-utils/schlib/autogen/connector/)</description>
      <docs>~</docs>
      <footprints>
        <fp>Connector*:*_1x??_*</fp>
      </footprints>
      <fields>
        <field name="Reference">J</field>
        <field name="Value">Conn_01x06_Female</field>
      </fields>
      <pins>
        <pin num="1" name="Pin_1" type="passive"/>
        <pin num="2" name="Pin_2" type="passive"/>
        <pin num="3" name="Pin_3" type="passive"/>
        <pin num="4" name="Pin_4" type="passive"/>
        <pin num="5" name="Pin_5" type="passive"/>
        <pin num="6" name="Pin_6" type="passive"/>
      </pins>
    </libpart>
    <libpart lib="Connector" part="DB9_Female">
      <description>9-pin female D-SUB connector</description>
      <docs> ~</docs>
      <footprints>
        <fp>DSUB*Female*</fp>
      </footprints>
      <fields>
        <field name="Reference">J</field>
        <field name="Value">DB9_Female</field>
      </fields>
      <pins>
        <pin num="1" name="1" type="passive"/>
        <pin num="2" name="2" type="passive"/>
        <pin num="3" name="3" type="passive"/>
        <pin num="4" name="4" type="passive"/>
        <pin num="5" name="5" type="passive"/>
        <pin num="6" name="6" type="passive"/>
        <pin num="7" name="7" type="passive"/>
        <pin num="8" name="8" type="passive"/>
        <pin num="9" name="9" type="passive"/>
      </pins>
    </libpart>
    <libpart lib="Connector" part="Screw_Terminal_01x02">
      <description>Generic screw terminal, single row, 01x02, script generated (kicad-library-utils/schlib/autogen/connector/)</description>
      <docs>~</docs>
      <footprints>
        <fp>TerminalBlock*:*</fp>
      </footprints>
      <fields>
        <field name="Reference">J</field>
        <field name="Value">Screw_Terminal_01x02</field>
      </fields>
      <pins>
        <pin num="1" name="Pin_1" type="passive"/>
        <pin num="2" name="Pin_2" type="passive"/>
      </pins>
    </libpart>
    <libpart lib="Connector_Generic" part="Conn_02x05_Odd_Even">
      <description>Generic connector, double row, 02x05, odd/even pin numbering scheme (row 1 odd numbers, row 2 even numbers), script generated (kicad-library-utils/schlib/autogen/connector/)</description>
      <docs>~</docs>
      <footprints>
        <fp>Connector*:*_2x??_*</fp>
      </footprints>
      <fields>
        <field name="Reference">J</field>
        <field name="Value">Conn_02x05_Odd_Even</field>
      </fields>
      <pins>
        <pin num="1" name="Pin_1" type="passive"/>
        <pin num="2" name="Pin_2" type="passive"/>
        <pin num="3" name="Pin_3" type="passive"/>
        <pin num="4" name="Pin_4" type="passive"/>
        <pin num="5" name="Pin_5" type="passive"/>
        <pin num="6" name="Pin_6" type="passive"/>
        <pin num="7" name="Pin_7" type="passive"/>
        <pin num="8" name="Pin_8" type="passive"/>
        <pin num="9" name="Pin_9" type="passive"/>
        <pin num="10" name="Pin_10" type="passive"/>
      </pins>
    </libpart>
    <libpart lib="Connector_Generic" part="Conn_02x07_Odd_Even">
      <description>Generic connector, double row, 02x07, odd/even pin numbering scheme (row 1 odd numbers, row 2 even numbers), script generated (kicad-library-utils/schlib/autogen/connector/)</description>
      <docs>~</docs>
      <footprints>
        <fp>Connector*:*_2x??_*</fp>
      </footprints>
      <fields>
        <field name="Reference">J</field>
        <field name="Value">Conn_02x07_Odd_Even</field>
      </fields>
      <pins>
        <pin num="1" name="Pin_1" type="passive"/>
        <pin num="2" name="Pin_2" type="passive"/>
        <pin num="3" name="Pin_3" type="passive"/>
        <pin num="4" name="Pin_4" type="passive"/>
        <pin num="5" name="Pin_5" type="passive"/>
        <pin num="6" name="Pin_6" type="passive"/>
        <pin num="7" name="Pin_7" type="passive"/>
        <pin num="8" name="Pin_8" type="passive"/>
        <pin num="9" name="Pin_9" type="passive"/>
        <pin num="10" name="Pin_10" type="passive"/>
        <pin num="11" name="Pin_11" type="passive"/>
        <pin num="12" name="Pin_12" type="passive"/>
        <pin num="13" name="Pin_13" type="passive"/>
        <pin num="14" name="Pin_14" type="passive"/>
      </pins>
    </libpart>
    <libpart lib="Device" part="CP">
      <description>Polarized capacitor</description>
      <docs>~</docs>
      <footprints>
        <fp>CP_*</fp>
      </footprints>
      <fields>
        <field name="Reference">C</field>
        <field name="Value">CP</field>
      </fields>
      <pins>
        <pin num="1" name="~" type="passive"/>
        <pin num="2" name="~" type="passive"/>
      </pins>
    </libpart>
    <libpart lib="Device" part="CP_Small">
      <description>Polarized capacitor, small symbol</description>
      <docs>~</docs>
      <footprints>
        <fp>CP_*</fp>
      </footprints>
      <fields>
        <field name="Reference">C</field>
        <field name="Value">CP_Small</field>
      </fields>
      <pins>
        <pin num="1" name="~" type="passive"/>
        <pin num="2" name="~" type="passive"/>
      </pins>
    </libpart>
    <libpart lib="Device" part="C_Small">
      <description>Unpolarized capacitor, small symbol</description>
      <docs>~</docs>
      <footprints>
        <fp>C_*</fp>
      </footprints>
      <fields>
        <field name="Reference">C</field>
        <field name="Value">C_Small</field>
      </fields>
      <pins>
        <pin num="1" name="~" type="passive"/>
        <pin num="2" name="~" type="passive"/>
      </pins>
    </libpart>
    <libpart lib="Device" part="D">
      <description>Diode</description>
      <docs>~</docs>
      <footprints>
        <fp>TO-???*</fp>
        <fp>*_Diode_*</fp>
        <fp>*SingleDiode*</fp>
        <fp>D_*</fp>
      </footprints>
      <fields>
        <field name="Reference">D</field>
        <field name="Value">D</field>
      </fields>
      <pins>
        <pin num="1" name="K" type="passive"/>
        <pin num="2" name="A" type="passive"/>
      </pins>
    </libpart>
    <libpart lib="Device" part="Jumper">
      <description>Jumper, normally closed</description>
      <docs>~</docs>
      <footprints>
        <fp>SolderJumper*</fp>
      </footprints>
      <fields>
        <field name="Reference">JP</field>
        <field name="Value">Jumper</field>
      </fields>
      <pins>
        <pin num="1" name="1" type="passive"/>
        <pin num="2" name="2" type="passive"/>
      </pins>
    </libpart>
    <libpart lib="Device" part="LED">
      <description>Light emitting diode</description>
      <docs>~</docs>
      <footprints>
        <fp>LED*</fp>
        <fp>LED_SMD:*</fp>
        <fp>LED_THT:*</fp>
      </footprints>
      <fields>
        <field name="Reference">D</field>
        <field name="Value">LED</field>
      </fields>
      <pins>
        <pin num="1" name="K" type="passive"/>
        <pin num="2" name="A" type="passive"/>
      </pins>
    </libpart>
    <libpart lib="Device" part="R_Small">
      <description>Resistor, small symbol</description>
      <docs>~</docs>
      <footprints>
        <fp>R_*</fp>
      </footprints>
      <fields>
        <field name="Reference">R</field>
        <field name="Value">R_Small</field>
      </fields>
      <pins>
        <pin num="1" name="~" type="passive"/>
        <pin num="2" name="~" type="passive"/>
      </pins>
    </libpart>
    <libpart lib="Interface" part="Z8420">
      <aliases>
        <alias>Z84C20</alias>
      </aliases>
      <description>Parallel I/O, DIP-40</description>
      <docs>https://www.zilog.com/appnotes_download.php?FromPage=DirectLink&amp;dn=PS0180&amp;ft=Product%20Specification%20(Data%20Sheet)%20%20&amp;f=YUhSMGNEb3ZMM2QzZHk1NmFXeHZaeTVqYjIwdlpHOWpjeTk2T0RBdmNITXdNVGd3TG5Ca1pnPT0=</docs>
      <footprints>
        <fp>DIP*W15.24mm*</fp>
      </footprints>
      <fields>
        <field name="Reference">U</field>
        <field name="Value">Z8420</field>
        <field name="Footprint">Package_DIP:DIP-40_W15.24mm</field>
      </fields>
      <pins>
        <pin num="1" name="D2" type="BiDi"/>
        <pin num="2" name="D7" type="BiDi"/>
        <pin num="3" name="D6" type="BiDi"/>
        <pin num="4" name="~CE~" type="input"/>
        <pin num="5" name="C/~D~" type="input"/>
        <pin num="6" name="B/~A~" type="input"/>
        <pin num="7" name="PA7" type="BiDi"/>
        <pin num="8" name="PA6" type="BiDi"/>
        <pin num="9" name="PA5" type="BiDi"/>
        <pin num="10" name="PA4" type="BiDi"/>
        <pin num="11" name="GND" type="power_in"/>
        <pin num="12" name="PA3" type="BiDi"/>
        <pin num="13" name="PA2" type="BiDi"/>
        <pin num="14" name="PA1" type="BiDi"/>
        <pin num="15" name="PA0" type="BiDi"/>
        <pin num="16" name="~ASTB~" type="input"/>
        <pin num="17" name="~BSTB~" type="input"/>
        <pin num="18" name="ARDY" type="output"/>
        <pin num="19" name="D0" type="BiDi"/>
        <pin num="20" name="D1" type="BiDi"/>
        <pin num="21" name="BRDY" type="output"/>
        <pin num="22" name="IEO" type="output"/>
        <pin num="23" name="~INT~" type="openCol"/>
        <pin num="24" name="IEI" type="input"/>
        <pin num="25" name="CLK" type="input"/>
        <pin num="26" name="VCC" type="power_in"/>
        <pin num="27" name="PB0" type="BiDi"/>
        <pin num="28" name="PB1" type="BiDi"/>
        <pin num="29" name="PB2" type="BiDi"/>
        <pin num="30" name="PB3" type="BiDi"/>
        <pin num="31" name="PB4" type="BiDi"/>
        <pin num="32" name="PB5" type="BiDi"/>
        <pin num="33" name="PB6" type="BiDi"/>
        <pin num="34" name="PB7" type="BiDi"/>
        <pin num="35" name="~RD~" type="input"/>
        <pin num="36" name="~IORQ~" type="input"/>
        <pin num="37" name="~M1~" type="input"/>
        <pin num="38" name="D5" type="BiDi"/>
        <pin num="39" name="D4" type="BiDi"/>
        <pin num="40" name="D3" type="BiDi"/>
      </pins>
    </libpart>
    <libpart lib="Interface_UART" part="MAX232">
      <aliases>
        <alias>MAX232I</alias>
        <alias>MAX202</alias>
        <alias>ADM232A</alias>
        <alias>MAX3232</alias>
        <alias>ICL3232</alias>
      </aliases>
      <description>Dual RS232 driver/receiver, 5V supply, 120kb/s, 0C-70C</description>
      <docs>http://www.ti.com/lit/ds/symlink/max232.pdf</docs>
      <footprints>
        <fp>SOIC*P1.27mm*</fp>
        <fp>DIP*W7.62mm*</fp>
        <fp>TSSOP*4.4x5mm*P0.65mm*</fp>
      </footprints>
      <fields>
        <field name="Reference">U</field>
        <field name="Value">MAX232</field>
      </fields>
      <pins>
        <pin num="1" name="C1+" type="passive"/>
        <pin num="2" name="VS+" type="power_out"/>
        <pin num="3" name="C1-" type="passive"/>
        <pin num="4" name="C2+" type="passive"/>
        <pin num="5" name="C2-" type="passive"/>
        <pin num="6" name="VS-" type="power_out"/>
        <pin num="7" name="T2OUT" type="output"/>
        <pin num="8" name="R2IN" type="input"/>
        <pin num="9" name="R2OUT" type="output"/>
        <pin num="10" name="T2IN" type="input"/>
        <pin num="11" name="T1IN" type="input"/>
        <pin num="12" name="R1OUT" type="output"/>
        <pin num="13" name="R1IN" type="input"/>
        <pin num="14" name="T1OUT" type="output"/>
        <pin num="15" name="GND" type="power_in"/>
        <pin num="16" name="VCC" type="power_in"/>
      </pins>
    </libpart>
    <libpart lib="Memory_EPROM" part="27C256">
      <aliases>
        <alias>27256</alias>
      </aliases>
      <description>OTP EPROM 256 KiBit</description>
      <docs>http://ww1.microchip.com/downloads/en/DeviceDoc/doc0014.pdf</docs>
      <footprints>
        <fp>DIP*W15.24mm*</fp>
      </footprints>
      <fields>
        <field name="Reference">U</field>
        <field name="Value">27C256</field>
        <field name="Footprint">Package_DIP:DIP-28_W15.24mm</field>
      </fields>
      <pins>
        <pin num="1" name="VPP" type="input"/>
        <pin num="2" name="A12" type="input"/>
        <pin num="3" name="A7" type="input"/>
        <pin num="4" name="A6" type="input"/>
        <pin num="5" name="A5" type="input"/>
        <pin num="6" name="A4" type="input"/>
        <pin num="7" name="A3" type="input"/>
        <pin num="8" name="A2" type="input"/>
        <pin num="9" name="A1" type="input"/>
        <pin num="10" name="A0" type="input"/>
        <pin num="11" name="D0" type="3state"/>
        <pin num="12" name="D1" type="3state"/>
        <pin num="13" name="D2" type="3state"/>
        <pin num="14" name="GND" type="power_in"/>
        <pin num="15" name="D3" type="3state"/>
        <pin num="16" name="D4" type="3state"/>
        <pin num="17" name="D5" type="3state"/>
        <pin num="18" name="D6" type="3state"/>
        <pin num="19" name="D7" type="3state"/>
        <pin num="20" name="~CE" type="input"/>
        <pin num="21" name="A10" type="input"/>
        <pin num="22" name="~OE" type="input"/>
        <pin num="23" name="A11" type="input"/>
        <pin num="24" name="A9" type="input"/>
        <pin num="25" name="A8" type="input"/>
        <pin num="26" name="A13" type="input"/>
        <pin num="27" name="A14" type="input"/>
        <pin num="28" name="VCC" type="power_in"/>
      </pins>
    </libpart>
    <libpart lib="Memory_SRAM" part="BS62LV256">
      <aliases>
        <alias>HM62256BLP_copy</alias>
        <alias>CY62256-70PC_copy</alias>
      </aliases>
      <description>32Kx8 bit Low Power CMOS Static RAM, 55/70ns, DIP-28</description>
      <docs>https://www.futurlec.com/Datasheet/Memory/62256.pdf</docs>
      <footprints>
        <fp>DIP*W15.24mm*</fp>
      </footprints>
      <fields>
        <field name="Reference">U</field>
        <field name="Value">BS62LV256</field>
        <field name="Footprint">Package_DIP:DIP-28_W15.24mm</field>
      </fields>
      <pins>
        <pin num="1" name="A14" type="input"/>
        <pin num="2" name="A12" type="input"/>
        <pin num="3" name="A7" type="input"/>
        <pin num="4" name="A6" type="input"/>
        <pin num="5" name="A5" type="input"/>
        <pin num="6" name="A4" type="input"/>
        <pin num="7" name="A3" type="input"/>
        <pin num="8" name="A2" type="input"/>
        <pin num="9" name="A1" type="input"/>
        <pin num="10" name="A0" type="input"/>
        <pin num="11" name="Q0" type="3state"/>
        <pin num="12" name="Q1" type="3state"/>
        <pin num="13" name="Q2" type="3state"/>
        <pin num="14" name="GND" type="power_in"/>
        <pin num="15" name="Q3" type="3state"/>
        <pin num="16" name="Q4" type="3state"/>
        <pin num="17" name="Q5" type="3state"/>
        <pin num="18" name="Q6" type="3state"/>
        <pin num="19" name="Q7" type="3state"/>
        <pin num="20" name="~CS" type="input"/>
        <pin num="21" name="A10" type="input"/>
        <pin num="22" name="~OE" type="input"/>
        <pin num="23" name="A11" type="input"/>
        <pin num="24" name="A9" type="input"/>
        <pin num="25" name="A8" type="input"/>
        <pin num="26" name="A13" type="input"/>
        <pin num="27" name="~WE" type="input"/>
        <pin num="28" name="VCC" type="power_in"/>
      </pins>
    </libpart>
    <libpart lib="Oscillator" part="SG-8002DC">
      <aliases>
        <alias>SG-531</alias>
      </aliases>
      <description>Crystal Clock Oscillator, DIP8-style plastic package</description>
      <docs>https://support.epson.biz/td/api/doc_check.php?mode=dl&amp;lang=en&amp;Parts=SG-8002DC</docs>
      <footprints>
        <fp>Oscillator*SeikoEpson*SG?8002DC*</fp>
      </footprints>
      <fields>
        <field name="Reference">X</field>
        <field name="Value">SG-8002DC</field>
        <field name="Footprint">Oscillator:Oscillator_SeikoEpson_SG-8002DC</field>
      </fields>
      <pins>
        <pin num="1" name="OE" type="input"/>
        <pin num="4" name="GND" type="power_in"/>
        <pin num="5" name="OUT" type="output"/>
        <pin num="8" name="Vcc" type="power_in"/>
      </pins>
    </libpart>
    <libpart lib="Timer" part="LM555">
      <aliases>
        <alias>ICM7555</alias>
        <alias>LMC555xM</alias>
        <alias>LMC555xMM</alias>
        <alias>LMC555xN</alias>
        <alias>MC1455</alias>
        <alias>TLC555CD</alias>
        <alias>TLC555CP</alias>
        <alias>TLC555CPS</alias>
        <alias>NA555</alias>
        <alias>NE555</alias>
        <alias>SE555</alias>
        <alias>SA555</alias>
      </aliases>
      <description>Timer, DIP-8/SOIC-8/SSOP-8</description>
      <docs>http://www.ti.com/lit/ds/symlink/lm555.pdf</docs>
      <footprints>
        <fp>SOIC*3.9x4.9mm*P1.27mm*</fp>
        <fp>DIP*W7.62mm*</fp>
        <fp>TSSOP*3x3mm*P0.65mm*</fp>
      </footprints>
      <fields>
        <field name="Reference">U</field>
        <field name="Value">LM555</field>
      </fields>
      <pins>
        <pin num="1" name="GND" type="power_in"/>
        <pin num="2" name="TR" type="input"/>
        <pin num="3" name="Q" type="output"/>
        <pin num="4" name="R" type="input"/>
        <pin num="5" name="CV" type="input"/>
        <pin num="6" name="THR" type="input"/>
        <pin num="7" name="DIS" type="input"/>
        <pin num="8" name="VCC" type="power_in"/>
      </pins>
    </libpart>
    <libpart lib="Transistor_BJT" part="BC237">
      <description>100mA Ic, 50V Vce, Epitaxial Silicon NPN Transistor, TO-92</description>
      <docs>http://www.onsemi.com/pub_link/Collateral/BC237-D.PDF</docs>
      <footprints>
        <fp>TO?92*</fp>
      </footprints>
      <fields>
        <field name="Reference">Q</field>
        <field name="Value">BC237</field>
        <field name="Footprint">Package_TO_SOT_THT:TO-92_Inline</field>
      </fields>
      <pins>
        <pin num="1" name="C" type="passive"/>
        <pin num="2" name="B" type="input"/>
        <pin num="3" name="E" type="passive"/>
      </pins>
    </libpart>
    <libpart lib="Zilog_Z80_Peripherals" part="CTC-DIP-28">
      <description>Z8430 Zilog CTC</description>
      <docs>http://www.zilog.com/docs/z80/ps0181.pdf</docs>
      <fields>
        <field name="Reference">IC</field>
        <field name="Value">CTC-DIP-28</field>
        <field name="Footprint">Package_DIP:DIP-28_W15.24mm_LongPads</field>
        <field name="Description">Z8430 Zilog CTC</field>
        <field name="Height">5.21</field>
        <field name="Manufacturer_Name">Zilog</field>
        <field name="Manufacturer_Part_Number">Z84C3010PEG</field>
        <field name="Mouser Part Number">692-Z84C3010PEG</field>
        <field name="Mouser Price/Stock">https://www.mouser.com/Search/Refine.aspx?Keyword=692-Z84C3010PEG</field>
      </fields>
      <pins>
        <pin num="1" name="D4" type="BiDi"/>
        <pin num="2" name="D5" type="BiDi"/>
        <pin num="3" name="D6" type="BiDi"/>
        <pin num="4" name="D7" type="BiDi"/>
        <pin num="5" name="GND" type="power_in"/>
        <pin num="6" name="~RD" type="input"/>
        <pin num="7" name="ZC/TO0" type="output"/>
        <pin num="8" name="ZC/TO1" type="output"/>
        <pin num="9" name="ZC/TO2" type="output"/>
        <pin num="10" name="~IORQ" type="input"/>
        <pin num="11" name="IEO" type="output"/>
        <pin num="12" name="~INT" type="openCol"/>
        <pin num="13" name="IEI" type="input"/>
        <pin num="14" name="~M1" type="input"/>
        <pin num="15" name="CLK" type="input"/>
        <pin num="16" name="~CE" type="input"/>
        <pin num="17" name="~RESET" type="input"/>
        <pin num="18" name="CS0" type="input"/>
        <pin num="19" name="CS1" type="input"/>
        <pin num="20" name="CLK/TRG3" type="input"/>
        <pin num="21" name="CLK/TRG2" type="input"/>
        <pin num="22" name="CLK/TRG1" type="input"/>
        <pin num="23" name="CLK/TRG0" type="input"/>
        <pin num="24" name="+5V" type="power_in"/>
        <pin num="25" name="D0" type="BiDi"/>
        <pin num="26" name="D1" type="BiDi"/>
        <pin num="27" name="D2" type="BiDi"/>
        <pin num="28" name="D3" type="BiDi"/>
      </pins>
    </libpart>
    <libpart lib="Zilog_Z80_Peripherals" part="SIO0-DIP-40">
      <description>Z80 CMOS SIO/0 Z84C40 Zilog</description>
      <docs>http://www.zilog.com/docs/z80/ps0183.pdf</docs>
      <fields>
        <field name="Reference">IC</field>
        <field name="Value">SIO0-DIP-40</field>
        <field name="Footprint">Package_DIP:DIP-40_W15.24mm_LongPads</field>
        <field name="Description">Z80 CMOS SIO/0 Z84C40 Zilog</field>
        <field name="Height">4.06</field>
        <field name="Manufacturer_Name">Zilog</field>
        <field name="Manufacturer_Part_Number">Z84C4206PEG</field>
        <field name="Mouser Part Number">692-Z84C4206PEG</field>
        <field name="Mouser Price/Stock">https://www.mouser.com/Search/Refine.aspx?Keyword=692-Z84C4206PEG</field>
        <field name="RS Part Number">6600766</field>
        <field name="RS Price/Stock">https://uk.rs-online.com/web/p/products/6600766</field>
        <field name="Allied_Number">R1000052</field>
        <field name="Allied Price/Stock">https://www.alliedelec.com/zilog-z84c4206peg/R1000052/</field>
      </fields>
      <pins>
        <pin num="1" name="D1" type="BiDi"/>
        <pin num="2" name="D3" type="BiDi"/>
        <pin num="3" name="D5" type="BiDi"/>
        <pin num="4" name="D7" type="BiDi"/>
        <pin num="5" name="~INT" type="openCol"/>
        <pin num="6" name="IEI" type="input"/>
        <pin num="7" name="IEO" type="output"/>
        <pin num="8" name="~M1" type="input"/>
        <pin num="9" name="+5V" type="power_in"/>
        <pin num="10" name="~W~/~RDYA" type="output"/>
        <pin num="11" name="~SYNCA" type="BiDi"/>
        <pin num="12" name="RXDA" type="input"/>
        <pin num="13" name="~RXCA" type="input"/>
        <pin num="14" name="~TXCA" type="output"/>
        <pin num="15" name="TXDA" type="output"/>
        <pin num="16" name="~DTRA" type="output"/>
        <pin num="17" name="~RTSA" type="output"/>
        <pin num="18" name="~CTSA" type="input"/>
        <pin num="19" name="~DCDA" type="input"/>
        <pin num="20" name="Φ" type="input"/>
        <pin num="21" name="~RESET" type="input"/>
        <pin num="22" name="~DCDB" type="input"/>
        <pin num="23" name="~CTSB" type="input"/>
        <pin num="24" name="~RTSB" type="output"/>
        <pin num="25" name="~DTRB" type="output"/>
        <pin num="26" name="TXDB" type="output"/>
        <pin num="27" name="~RxTxCB" type="input"/>
        <pin num="28" name="RXDB" type="input"/>
        <pin num="29" name="~SYNCB" type="input"/>
        <pin num="30" name="~W~/~RDYB" type="output"/>
        <pin num="31" name="GND" type="power_in"/>
        <pin num="32" name="~RD" type="input"/>
        <pin num="33" name="C/~D" type="input"/>
        <pin num="34" name="B/~A" type="input"/>
        <pin num="35" name="~CE" type="input"/>
        <pin num="36" name="~IORQ" type="input"/>
        <pin num="37" name="D6" type="BiDi"/>
        <pin num="38" name="D4" type="BiDi"/>
        <pin num="39" name="D2" type="BiDi"/>
        <pin num="40" name="D0" type="BiDi"/>
      </pins>
    </libpart>
  </libparts>
  <libraries>
    <library logical="ATF">
      <uri>/home/hal/KiCAD/symbols/PLD/ATF.lib</uri>
    </library>
    <library logical="CPU">
      <uri>/usr/share/kicad/library/CPU.lib</uri>
    </library>
    <library logical="Connector">
      <uri>/usr/share/kicad/library/Connector.lib</uri>
    </library>
    <library logical="Connector_Generic">
      <uri>/usr/share/kicad/library/Connector_Generic.lib</uri>
    </library>
    <library logical="Device">
      <uri>/usr/share/kicad/library/Device.lib</uri>
    </library>
    <library logical="Interface">
      <uri>/usr/share/kicad/library/Interface.lib</uri>
    </library>
    <library logical="Interface_UART">
      <uri>/usr/share/kicad/library/Interface_UART.lib</uri>
    </library>
    <library logical="Memory_EPROM">
      <uri>/usr/share/kicad/library/Memory_EPROM.lib</uri>
    </library>
    <library logical="Memory_SRAM">
      <uri>/home/hal/KiCAD/symbols/Memory_RAM/Memory_SRAM.lib</uri>
    </library>
    <library logical="Oscillator">
      <uri>/usr/share/kicad/library/Oscillator.lib</uri>
    </library>
    <library logical="Timer">
      <uri>/usr/share/kicad/library/Timer.lib</uri>
    </library>
    <library logical="Transistor_BJT">
      <uri>/usr/share/kicad/library/Transistor_BJT.lib</uri>
    </library>
    <library logical="Zilog_Z80_Peripherals">
      <uri>/home/hal/sourcecode/Z80-CPU-for-KiCAD/Zilog_Z80_Peripherals.lib</uri>
    </library>
  </libraries>
  <nets>
    <net code="1" name="/RTS232_B">
      <node ref="J9" pin="7"/>
      <node ref="J10" pin="4"/>
    </net>
    <net code="2" name="/DSR232_B">
      <node ref="J10" pin="2"/>
      <node ref="J9" pin="6"/>
    </net>
    <net code="3" name="/RXD232_B">
      <node ref="J10" pin="3"/>
      <node ref="J9" pin="2"/>
    </net>
    <net code="4" name="/RI232_B">
      <node ref="J10" pin="8"/>
      <node ref="J9" pin="9"/>
    </net>
    <net code="5" name="/TXD232_B">
      <node ref="J10" pin="5"/>
      <node ref="J9" pin="3"/>
    </net>
    <net code="6" name="/CTS232_B">
      <node ref="J10" pin="6"/>
      <node ref="J9" pin="8"/>
    </net>
    <net code="7" name="/DCD232_B">
      <node ref="J10" pin="1"/>
      <node ref="J9" pin="1"/>
    </net>
    <net code="8" name="/DTR232_B">
      <node ref="J10" pin="7"/>
      <node ref="J9" pin="4"/>
    </net>
    <net code="9" name="/SG232_B">
      <node ref="J9" pin="5"/>
      <node ref="J10" pin="9"/>
    </net>
    <net code="10" name="Net-(D4-Pad2)">
      <node ref="D4" pin="2"/>
      <node ref="R14" pin="2"/>
    </net>
    <net code="11" name="Net-(J8-Pad10)">
      <node ref="J8" pin="10"/>
    </net>
    <net code="12" name="Net-(J10-Pad10)">
      <node ref="J10" pin="10"/>
    </net>
    <net code="13" name="/SG232_A">
      <node ref="J7" pin="5"/>
      <node ref="J8" pin="9"/>
    </net>
    <net code="14" name="/DCD232_A">
      <node ref="J7" pin="1"/>
      <node ref="J8" pin="1"/>
    </net>
    <net code="15" name="/DSR232_A">
      <node ref="J7" pin="6"/>
      <node ref="J8" pin="2"/>
    </net>
    <net code="16" name="/RXD232_A">
      <node ref="J8" pin="3"/>
      <node ref="J7" pin="2"/>
    </net>
    <net code="17" name="+5V">
      <node ref="C6" pin="1"/>
      <node ref="R4" pin="1"/>
      <node ref="C5" pin="1"/>
      <node ref="R12" pin="2"/>
      <node ref="X1" pin="8"/>
      <node ref="X1" pin="1"/>
      <node ref="C20" pin="1"/>
      <node ref="R11" pin="1"/>
      <node ref="C19" pin="1"/>
      <node ref="C24" pin="1"/>
      <node ref="U3" pin="26"/>
      <node ref="R8" pin="1"/>
      <node ref="R7" pin="1"/>
      <node ref="R9" pin="1"/>
      <node ref="U4" pin="8"/>
      <node ref="U4" pin="4"/>
      <node ref="J11" pin="2"/>
      <node ref="U2" pin="24"/>
      <node ref="U8" pin="16"/>
      <node ref="R15" pin="2"/>
      <node ref="J5" pin="1"/>
      <node ref="C26" pin="1"/>
      <node ref="U11" pin="9"/>
      <node ref="R1" pin="1"/>
      <node ref="R2" pin="1"/>
      <node ref="R10" pin="1"/>
      <node ref="U10" pin="24"/>
      <node ref="J6" pin="1"/>
      <node ref="U1" pin="11"/>
      <node ref="U9" pin="16"/>
      <node ref="C21" pin="1"/>
      <node ref="C22" pin="1"/>
      <node ref="C23" pin="1"/>
      <node ref="U6" pin="28"/>
      <node ref="C18" pin="1"/>
      <node ref="J2" pin="1"/>
      <node ref="R5" pin="2"/>
      <node ref="U5" pin="28"/>
      <node ref="C4" pin="1"/>
      <node ref="D2" pin="1"/>
      <node ref="U5" pin="1"/>
      <node ref="C17" pin="1"/>
      <node ref="R14" pin="1"/>
      <node ref="C25" pin="1"/>
      <node ref="U7" pin="28"/>
      <node ref="C8" pin="1"/>
    </net>
    <net code="18" name="GND">
      <node ref="C26" pin="2"/>
      <node ref="C17" pin="2"/>
      <node ref="C13" pin="1"/>
      <node ref="J4" pin="9"/>
      <node ref="C16" pin="2"/>
      <node ref="U5" pin="14"/>
      <node ref="J5" pin="14"/>
      <node ref="U7" pin="14"/>
      <node ref="C24" pin="2"/>
      <node ref="U2" pin="12"/>
      <node ref="U9" pin="15"/>
      <node ref="U4" pin="1"/>
      <node ref="U11" pin="19"/>
      <node ref="U11" pin="22"/>
      <node ref="U6" pin="14"/>
      <node ref="U8" pin="15"/>
      <node ref="J3" pin="9"/>
      <node ref="C15" pin="2"/>
      <node ref="C18" pin="2"/>
      <node ref="C14" pin="1"/>
      <node ref="C19" pin="2"/>
      <node ref="U1" pin="29"/>
      <node ref="U11" pin="31"/>
      <node ref="U10" pin="5"/>
      <node ref="C1" pin="2"/>
      <node ref="C2" pin="2"/>
      <node ref="C23" pin="2"/>
      <node ref="C22" pin="2"/>
      <node ref="C21" pin="2"/>
      <node ref="Q1" pin="3"/>
      <node ref="C20" pin="2"/>
      <node ref="C25" pin="2"/>
      <node ref="U3" pin="11"/>
      <node ref="D4" pin="1"/>
      <node ref="J1" pin="2"/>
      <node ref="X1" pin="4"/>
      <node ref="J2" pin="2"/>
      <node ref="J6" pin="14"/>
      <node ref="C7" pin="2"/>
      <node ref="D1" pin="1"/>
      <node ref="C5" pin="2"/>
      <node ref="C6" pin="2"/>
      <node ref="C8" pin="2"/>
      <node ref="J11" pin="1"/>
      <node ref="C3" pin="2"/>
      <node ref="C4" pin="2"/>
      <node ref="D3" pin="1"/>
      <node ref="D2" pin="2"/>
    </net>
    <net code="19" name="/TXD232_A">
      <node ref="J8" pin="5"/>
      <node ref="J7" pin="3"/>
    </net>
    <net code="20" name="/CTS232_A">
      <node ref="J8" pin="6"/>
      <node ref="J7" pin="8"/>
    </net>
    <net code="21" name="/RI232_A">
      <node ref="J8" pin="8"/>
      <node ref="J7" pin="9"/>
    </net>
    <net code="22" name="/DTR232_A">
      <node ref="J8" pin="7"/>
      <node ref="J7" pin="4"/>
    </net>
    <net code="23" name="/RTS232_A">
      <node ref="J7" pin="7"/>
      <node ref="J8" pin="4"/>
    </net>
    <net code="24" name="MREQ">
      <node ref="U2" pin="2"/>
      <node ref="U1" pin="19"/>
    </net>
    <net code="25" name="IORQ">
      <node ref="U10" pin="10"/>
      <node ref="U3" pin="36"/>
      <node ref="U11" pin="36"/>
      <node ref="U2" pin="3"/>
      <node ref="U1" pin="20"/>
    </net>
    <net code="26" name="BCLK">
      <node ref="U2" pin="23"/>
      <node ref="U10" pin="21"/>
      <node ref="U10" pin="22"/>
      <node ref="U10" pin="20"/>
      <node ref="U10" pin="23"/>
    </net>
    <net code="27" name="Net-(C7-Pad1)">
      <node ref="C7" pin="1"/>
    </net>
    <net code="28" name="CLK">
      <node ref="R5" pin="1"/>
      <node ref="X1" pin="5"/>
      <node ref="U2" pin="1"/>
      <node ref="U3" pin="25"/>
      <node ref="U11" pin="20"/>
      <node ref="U10" pin="15"/>
      <node ref="U1" pin="6"/>
    </net>
    <net code="29" name="ROMCE">
      <node ref="U2" pin="22"/>
      <node ref="U5" pin="20"/>
    </net>
    <net code="30" name="A15">
      <node ref="U2" pin="13"/>
      <node ref="U1" pin="5"/>
    </net>
    <net code="31" name="A7">
      <node ref="U2" pin="11"/>
      <node ref="U5" pin="3"/>
      <node ref="U7" pin="3"/>
      <node ref="U6" pin="3"/>
      <node ref="U1" pin="37"/>
    </net>
    <net code="32" name="A6">
      <node ref="U5" pin="4"/>
      <node ref="U6" pin="4"/>
      <node ref="U7" pin="4"/>
      <node ref="U2" pin="10"/>
      <node ref="U1" pin="36"/>
    </net>
    <net code="33" name="A5">
      <node ref="U5" pin="5"/>
      <node ref="U6" pin="5"/>
      <node ref="U7" pin="5"/>
      <node ref="U2" pin="9"/>
      <node ref="U1" pin="35"/>
    </net>
    <net code="34" name="A4">
      <node ref="U7" pin="6"/>
      <node ref="U6" pin="6"/>
      <node ref="U5" pin="6"/>
      <node ref="U1" pin="34"/>
      <node ref="U2" pin="8"/>
    </net>
    <net code="35" name="A3">
      <node ref="U6" pin="7"/>
      <node ref="U2" pin="7"/>
      <node ref="U7" pin="7"/>
      <node ref="U1" pin="33"/>
      <node ref="U5" pin="7"/>
    </net>
    <net code="36" name="A2">
      <node ref="U1" pin="32"/>
      <node ref="U7" pin="8"/>
      <node ref="U2" pin="6"/>
      <node ref="U5" pin="8"/>
      <node ref="U6" pin="8"/>
    </net>
    <net code="37" name="WR">
      <node ref="U7" pin="27"/>
      <node ref="U1" pin="22"/>
      <node ref="U2" pin="5"/>
      <node ref="U6" pin="27"/>
    </net>
    <net code="38" name="Net-(C1-Pad1)">
      <node ref="C1" pin="1"/>
      <node ref="U4" pin="2"/>
      <node ref="R1" pin="2"/>
      <node ref="J1" pin="1"/>
    </net>
    <net code="39" name="Net-(C2-Pad1)">
      <node ref="C2" pin="1"/>
      <node ref="U4" pin="5"/>
    </net>
    <net code="40" name="RESET">
      <node ref="U2" pin="14"/>
      <node ref="U11" pin="21"/>
      <node ref="U10" pin="17"/>
      <node ref="U1" pin="26"/>
    </net>
    <net code="41" name="INT">
      <node ref="U3" pin="23"/>
      <node ref="R12" pin="1"/>
      <node ref="U11" pin="5"/>
      <node ref="U10" pin="12"/>
      <node ref="U1" pin="16"/>
    </net>
    <net code="42" name="Net-(R11-Pad2)">
      <node ref="U1" pin="25"/>
      <node ref="R11" pin="2"/>
    </net>
    <net code="43" name="TO2">
      <node ref="J6" pin="13"/>
      <node ref="JP1" pin="1"/>
      <node ref="U10" pin="9"/>
    </net>
    <net code="44" name="Net-(JP1-Pad2)">
      <node ref="U1" pin="17"/>
      <node ref="JP1" pin="2"/>
      <node ref="R7" pin="2"/>
    </net>
    <net code="45" name="/Z_80_comp_CPU/LED">
      <node ref="U2" pin="15"/>
      <node ref="R13" pin="1"/>
    </net>
    <net code="46" name="Net-(D3-Pad2)">
      <node ref="D3" pin="2"/>
      <node ref="R13" pin="2"/>
    </net>
    <net code="47" name="RD">
      <node ref="U7" pin="22"/>
      <node ref="U3" pin="35"/>
      <node ref="U11" pin="32"/>
      <node ref="U6" pin="22"/>
      <node ref="U10" pin="6"/>
      <node ref="U5" pin="22"/>
      <node ref="U1" pin="21"/>
      <node ref="U2" pin="4"/>
    </net>
    <net code="48" name="M1">
      <node ref="U1" pin="27"/>
      <node ref="U10" pin="14"/>
      <node ref="U11" pin="8"/>
      <node ref="U3" pin="37"/>
    </net>
    <net code="49" name="PIOCE">
      <node ref="U2" pin="17"/>
      <node ref="U3" pin="4"/>
    </net>
    <net code="50" name="CTCCE">
      <node ref="U10" pin="16"/>
      <node ref="U2" pin="18"/>
    </net>
    <net code="51" name="SIOCE">
      <node ref="U2" pin="19"/>
      <node ref="U11" pin="35"/>
    </net>
    <net code="52" name="RAMHCE">
      <node ref="U7" pin="20"/>
      <node ref="U2" pin="20"/>
    </net>
    <net code="53" name="RAMLCE">
      <node ref="U6" pin="20"/>
      <node ref="U2" pin="21"/>
    </net>
    <net code="54" name="Net-(D1-Pad2)">
      <node ref="R6" pin="2"/>
      <node ref="D1" pin="2"/>
    </net>
    <net code="55" name="Net-(R8-Pad2)">
      <node ref="R8" pin="2"/>
      <node ref="U1" pin="24"/>
    </net>
    <net code="56" name="Net-(R9-Pad2)">
      <node ref="R9" pin="2"/>
      <node ref="U1" pin="18"/>
    </net>
    <net code="58" name="/Z_80_comp_CPU/MEMSEL">
      <node ref="R6" pin="1"/>
      <node ref="U2" pin="16"/>
    </net>
    <net code="59" name="Net-(U1-Pad28)">
      <node ref="U1" pin="28"/>
    </net>
    <net code="60" name="Net-(U1-Pad23)">
      <node ref="U1" pin="23"/>
    </net>
    <net code="61" name="Net-(R3-Pad1)">
      <node ref="R3" pin="1"/>
      <node ref="U4" pin="3"/>
    </net>
    <net code="62" name="Net-(C3-Pad1)">
      <node ref="R2" pin="2"/>
      <node ref="U4" pin="7"/>
      <node ref="U4" pin="6"/>
      <node ref="C3" pin="1"/>
    </net>
    <net code="63" name="Net-(Q1-Pad1)">
      <node ref="Q1" pin="1"/>
      <node ref="R4" pin="2"/>
    </net>
    <net code="64" name="Net-(Q1-Pad2)">
      <node ref="R3" pin="2"/>
      <node ref="Q1" pin="2"/>
    </net>
    <net code="66" name="A1">
      <node ref="U5" pin="9"/>
      <node ref="U1" pin="31"/>
      <node ref="U7" pin="9"/>
      <node ref="U6" pin="9"/>
    </net>
    <net code="67" name="A0">
      <node ref="U7" pin="10"/>
      <node ref="U6" pin="10"/>
      <node ref="U1" pin="30"/>
      <node ref="U5" pin="10"/>
    </net>
    <net code="68" name="A14">
      <node ref="U6" pin="1"/>
      <node ref="U7" pin="1"/>
      <node ref="U1" pin="4"/>
      <node ref="U5" pin="27"/>
    </net>
    <net code="69" name="A13">
      <node ref="U1" pin="3"/>
      <node ref="U5" pin="26"/>
      <node ref="U7" pin="26"/>
      <node ref="U6" pin="26"/>
    </net>
    <net code="70" name="A12">
      <node ref="U6" pin="2"/>
      <node ref="U1" pin="2"/>
      <node ref="U5" pin="2"/>
      <node ref="U7" pin="2"/>
    </net>
    <net code="71" name="A11">
      <node ref="U6" pin="23"/>
      <node ref="U7" pin="23"/>
      <node ref="U5" pin="23"/>
      <node ref="U1" pin="1"/>
    </net>
    <net code="72" name="A10">
      <node ref="U1" pin="40"/>
      <node ref="U6" pin="21"/>
      <node ref="U5" pin="21"/>
      <node ref="U7" pin="21"/>
    </net>
    <net code="73" name="A9">
      <node ref="U5" pin="24"/>
      <node ref="U1" pin="39"/>
      <node ref="U6" pin="24"/>
      <node ref="U7" pin="24"/>
    </net>
    <net code="74" name="A8">
      <node ref="U1" pin="38"/>
      <node ref="U6" pin="25"/>
      <node ref="U7" pin="25"/>
      <node ref="U5" pin="25"/>
    </net>
    <net code="75" name="Net-(C13-Pad2)">
      <node ref="U8" pin="6"/>
      <node ref="C13" pin="2"/>
    </net>
    <net code="76" name="Net-(C9-Pad1)">
      <node ref="U8" pin="1"/>
      <node ref="C9" pin="1"/>
    </net>
    <net code="77" name="Net-(C9-Pad2)">
      <node ref="U8" pin="3"/>
      <node ref="C9" pin="2"/>
    </net>
    <net code="78" name="Net-(C11-Pad1)">
      <node ref="U8" pin="4"/>
      <node ref="C11" pin="1"/>
    </net>
    <net code="79" name="Net-(C11-Pad2)">
      <node ref="U8" pin="5"/>
      <node ref="C11" pin="2"/>
    </net>
    <net code="80" name="Net-(C16-Pad1)">
      <node ref="U8" pin="2"/>
      <node ref="C16" pin="1"/>
    </net>
    <net code="81" name="/Z80_comp_Serial/DSRA_232">
      <node ref="J4" pin="2"/>
      <node ref="J4" pin="7"/>
    </net>
    <net code="82" name="/Z80_comp_Serial/CTSA_232">
      <node ref="J4" pin="4"/>
      <node ref="U8" pin="13"/>
    </net>
    <net code="83" name="Net-(J4-Pad8)">
      <node ref="J4" pin="8"/>
    </net>
    <net code="84" name="/Z80_comp_Serial/TXA_232">
      <node ref="J4" pin="3"/>
      <node ref="U8" pin="7"/>
    </net>
    <net code="85" name="Net-(J4-Pad10)">
      <node ref="J4" pin="10"/>
    </net>
    <net code="86" name="Net-(J4-Pad1)">
      <node ref="J4" pin="1"/>
    </net>
    <net code="87" name="Net-(C15-Pad1)">
      <node ref="U9" pin="2"/>
      <node ref="C15" pin="1"/>
    </net>
    <net code="88" name="Net-(U11-Pad26)">
      <node ref="U9" pin="10"/>
      <node ref="U11" pin="26"/>
    </net>
    <net code="89" name="Net-(C10-Pad1)">
      <node ref="C10" pin="1"/>
      <node ref="U9" pin="1"/>
    </net>
    <net code="90" name="Net-(C14-Pad2)">
      <node ref="U9" pin="6"/>
      <node ref="C14" pin="2"/>
    </net>
    <net code="91" name="Net-(C12-Pad2)">
      <node ref="C12" pin="2"/>
      <node ref="U9" pin="5"/>
    </net>
    <net code="92" name="Net-(C10-Pad2)">
      <node ref="C10" pin="2"/>
      <node ref="U9" pin="3"/>
    </net>
    <net code="93" name="Net-(C12-Pad1)">
      <node ref="C12" pin="1"/>
      <node ref="U9" pin="4"/>
    </net>
    <net code="94" name="Net-(U11-Pad25)">
      <node ref="U11" pin="25"/>
    </net>
    <net code="95" name="Net-(U11-Pad30)">
      <node ref="U11" pin="30"/>
    </net>
    <net code="96" name="Net-(U11-Pad29)">
      <node ref="U11" pin="29"/>
    </net>
    <net code="97" name="Net-(U11-Pad23)">
      <node ref="U9" pin="12"/>
      <node ref="U11" pin="23"/>
    </net>
    <net code="98" name="Net-(U11-Pad24)">
      <node ref="U11" pin="24"/>
      <node ref="U9" pin="11"/>
    </net>
    <net code="99" name="Net-(U11-Pad12)">
      <node ref="U11" pin="12"/>
      <node ref="U8" pin="9"/>
    </net>
    <net code="100" name="Net-(U11-Pad17)">
      <node ref="U11" pin="17"/>
      <node ref="U8" pin="11"/>
    </net>
    <net code="101" name="TO1">
      <node ref="U10" pin="8"/>
      <node ref="J5" pin="13"/>
    </net>
    <net code="102" name="/Z80_comp_Serial/RTSA_232">
      <node ref="J4" pin="6"/>
      <node ref="U8" pin="14"/>
    </net>
    <net code="103" name="/Z80_comp_Serial/CTSB_232">
      <node ref="U9" pin="13"/>
      <node ref="J3" pin="4"/>
    </net>
    <net code="104" name="/Z80_comp_Serial/TXB_232">
      <node ref="U9" pin="7"/>
      <node ref="J3" pin="3"/>
    </net>
    <net code="105" name="Net-(J3-Pad8)">
      <node ref="J3" pin="8"/>
    </net>
    <net code="106" name="/Z80_comp_Serial/RXB_232">
      <node ref="J3" pin="5"/>
      <node ref="U9" pin="8"/>
    </net>
    <net code="107" name="/Z80_comp_Serial/DSRB_232">
      <node ref="J3" pin="2"/>
      <node ref="J3" pin="7"/>
    </net>
    <net code="108" name="Net-(J3-Pad10)">
      <node ref="J3" pin="10"/>
    </net>
    <net code="109" name="Net-(J3-Pad1)">
      <node ref="J3" pin="1"/>
    </net>
    <net code="110" name="/Z80_comp_Serial/RXA_232">
      <node ref="U8" pin="8"/>
      <node ref="J4" pin="5"/>
    </net>
    <net code="111" name="Net-(R10-Pad2)">
      <node ref="U11" pin="6"/>
      <node ref="R10" pin="2"/>
    </net>
    <net code="112" name="/Z80_comp_Serial/RTSB_232">
      <node ref="U9" pin="14"/>
      <node ref="J3" pin="6"/>
    </net>
    <net code="113" name="Net-(U10-Pad13)">
      <node ref="U10" pin="13"/>
      <node ref="U11" pin="7"/>
    </net>
    <net code="114" name="Net-(U11-Pad18)">
      <node ref="U8" pin="12"/>
      <node ref="U11" pin="18"/>
    </net>
    <net code="115" name="Net-(U11-Pad28)">
      <node ref="U11" pin="28"/>
      <node ref="U9" pin="9"/>
    </net>
    <net code="116" name="Net-(U11-Pad16)">
      <node ref="U11" pin="16"/>
    </net>
    <net code="117" name="Net-(U11-Pad15)">
      <node ref="U11" pin="15"/>
      <node ref="U8" pin="10"/>
    </net>
    <net code="118" name="Net-(U10-Pad7)">
      <node ref="U10" pin="7"/>
      <node ref="U11" pin="14"/>
      <node ref="U11" pin="13"/>
      <node ref="U11" pin="27"/>
    </net>
    <net code="119" name="Net-(U11-Pad11)">
      <node ref="U11" pin="11"/>
    </net>
    <net code="120" name="Net-(U11-Pad10)">
      <node ref="U11" pin="10"/>
    </net>
    <net code="121" name="A1">
      <node ref="U10" pin="19"/>
      <node ref="U3" pin="5"/>
      <node ref="U11" pin="33"/>
    </net>
    <net code="122" name="A0">
      <node ref="U3" pin="6"/>
      <node ref="U10" pin="18"/>
      <node ref="U11" pin="34"/>
    </net>
    <net code="123" name="IEOCTC">
      <node ref="U3" pin="24"/>
      <node ref="U10" pin="11"/>
    </net>
    <net code="124" name="Net-(J5-Pad12)">
      <node ref="J5" pin="12"/>
    </net>
    <net code="125" name="Net-(J5-Pad6)">
      <node ref="J5" pin="6"/>
      <node ref="U3" pin="7"/>
    </net>
    <net code="126" name="Net-(J5-Pad8)">
      <node ref="U3" pin="8"/>
      <node ref="J5" pin="8"/>
    </net>
    <net code="127" name="Net-(J5-Pad10)">
      <node ref="J5" pin="10"/>
      <node ref="U3" pin="9"/>
    </net>
    <net code="128" name="Net-(J5-Pad2)">
      <node ref="J5" pin="2"/>
      <node ref="U3" pin="16"/>
    </net>
    <net code="129" name="Net-(J6-Pad10)">
      <node ref="J6" pin="10"/>
      <node ref="U3" pin="32"/>
    </net>
    <net code="130" name="/Z80_Paralell/MOSI">
      <node ref="J6" pin="5"/>
      <node ref="U3" pin="28"/>
      <node ref="J11" pin="4"/>
    </net>
    <net code="131" name="Net-(J6-Pad11)">
      <node ref="J6" pin="11"/>
      <node ref="U3" pin="31"/>
    </net>
    <net code="132" name="Net-(J6-Pad8)">
      <node ref="J6" pin="8"/>
      <node ref="U3" pin="33"/>
    </net>
    <net code="133" name="Net-(J6-Pad6)">
      <node ref="J6" pin="6"/>
      <node ref="U3" pin="34"/>
    </net>
    <net code="134" name="Net-(J6-Pad4)">
      <node ref="J6" pin="4"/>
      <node ref="U3" pin="21"/>
    </net>
    <net code="135" name="Net-(J6-Pad2)">
      <node ref="U3" pin="17"/>
      <node ref="J6" pin="2"/>
    </net>
    <net code="136" name="/Z80_Paralell/SCK">
      <node ref="J6" pin="7"/>
      <node ref="U3" pin="29"/>
      <node ref="J11" pin="5"/>
    </net>
    <net code="137" name="/Z80_Paralell/CS">
      <node ref="U3" pin="30"/>
      <node ref="J6" pin="9"/>
      <node ref="J11" pin="6"/>
    </net>
    <net code="138" name="Net-(J5-Pad4)">
      <node ref="U3" pin="18"/>
      <node ref="J5" pin="4"/>
    </net>
    <net code="139" name="Net-(J6-Pad12)">
      <node ref="J6" pin="12"/>
    </net>
    <net code="140" name="D0">
      <node ref="U1" pin="14"/>
      <node ref="U3" pin="19"/>
      <node ref="U6" pin="11"/>
      <node ref="U7" pin="11"/>
      <node ref="U11" pin="40"/>
      <node ref="U5" pin="11"/>
      <node ref="U10" pin="25"/>
    </net>
    <net code="141" name="D1">
      <node ref="U10" pin="26"/>
      <node ref="U5" pin="12"/>
      <node ref="U7" pin="12"/>
      <node ref="U1" pin="15"/>
      <node ref="U11" pin="1"/>
      <node ref="U3" pin="20"/>
      <node ref="U6" pin="12"/>
    </net>
    <net code="142" name="D2">
      <node ref="U11" pin="39"/>
      <node ref="U5" pin="13"/>
      <node ref="U3" pin="1"/>
      <node ref="U6" pin="13"/>
      <node ref="U10" pin="27"/>
      <node ref="U1" pin="12"/>
      <node ref="U7" pin="13"/>
    </net>
    <net code="143" name="D3">
      <node ref="U5" pin="15"/>
      <node ref="U11" pin="2"/>
      <node ref="U3" pin="40"/>
      <node ref="U10" pin="28"/>
      <node ref="U1" pin="8"/>
      <node ref="U6" pin="15"/>
      <node ref="U7" pin="15"/>
    </net>
    <net code="144" name="D4">
      <node ref="U5" pin="16"/>
      <node ref="U6" pin="16"/>
      <node ref="U3" pin="39"/>
      <node ref="U7" pin="16"/>
      <node ref="U11" pin="38"/>
      <node ref="U10" pin="1"/>
      <node ref="U1" pin="7"/>
    </net>
    <net code="145" name="D5">
      <node ref="U11" pin="3"/>
      <node ref="U5" pin="17"/>
      <node ref="U1" pin="9"/>
      <node ref="U6" pin="17"/>
      <node ref="U7" pin="17"/>
      <node ref="U10" pin="2"/>
      <node ref="U3" pin="38"/>
    </net>
    <net code="146" name="D6">
      <node ref="U6" pin="18"/>
      <node ref="U3" pin="3"/>
      <node ref="U10" pin="3"/>
      <node ref="U1" pin="10"/>
      <node ref="U7" pin="18"/>
      <node ref="U5" pin="18"/>
      <node ref="U11" pin="37"/>
    </net>
    <net code="147" name="D7">
      <node ref="U1" pin="13"/>
      <node ref="U5" pin="19"/>
      <node ref="U7" pin="19"/>
      <node ref="U11" pin="4"/>
      <node ref="U10" pin="4"/>
      <node ref="U6" pin="19"/>
      <node ref="U3" pin="2"/>
    </net>
    <net code="148" name="Net-(J5-Pad11)">
      <node ref="U3" pin="10"/>
      <node ref="J5" pin="11"/>
    </net>
    <net code="149" name="Net-(J5-Pad9)">
      <node ref="U3" pin="12"/>
      <node ref="J5" pin="9"/>
    </net>
    <net code="150" name="Net-(J5-Pad7)">
      <node ref="J5" pin="7"/>
      <node ref="U3" pin="13"/>
    </net>
    <net code="151" name="Net-(J5-Pad5)">
      <node ref="J5" pin="5"/>
      <node ref="U3" pin="14"/>
    </net>
    <net code="152" name="Net-(J5-Pad3)">
      <node ref="U3" pin="15"/>
      <node ref="J5" pin="3"/>
    </net>
    <net code="153" name="Net-(U3-Pad22)">
      <node ref="U3" pin="22"/>
    </net>
    <net code="154" name="/Z80_Paralell/MISO">
      <node ref="J6" pin="3"/>
      <node ref="U3" pin="27"/>
      <node ref="R15" pin="1"/>
      <node ref="J11" pin="3"/>
    </net>
  </nets>
</export>
